,A,B,C,D
2000-01-01,-0.47135503654098465,1.366874726335486,0.9793762704016662,-0.08918450592159795
2000-01-02,-1.651544979423638,-0.05230053415034974,1.8203440471854926,-0.4185009086545833
2000-01-03,-2.5558435779251867,-2.1151578530182,2.351018825100291,-1.499581626066023
2000-01-04,-3.167070995351475,-0.91495998953195,1.396522615311725,-1.0306376981894898
2000-01-05,-3.779528226180875,-0.2862843264957212,1.1557262964683415,-0.2333570825708331
2000-01-06,-3.4202416791592936,0.6443247318042631,0.5361451388313858,1.0870471943392106
2000-01-07,-2.4879724939044947,0.05086077630445773,0.7019352601744066,3.611941334065118
2000-01-08,-4.30508186770218,0.432823438729958,3.132616030747366,4.181304333047184
2000-01-09,-2.374103725176324,1.2815305044031962,2.8881278592871533,3.8700137568980466
2000-01-10,-1.0935634941882273,0.6146034591488949,1.5618873476236506,2.159315659205549
2000-01-11,0.298462726055736,1.357195543763788,1.2319886189428302,2.731474497426286
2000-01-12,0.7147103082512476,0.9169472450511387,1.2644847537035095,1.8079566799564943
2000-01-13,0.6791814372844339,1.4001787919370208,0.9569034126614968,1.4663614903826434
2000-01-14,-0.5843680480144299,0.44070527177126106,1.011553742999792,2.6363917021159846
2000-01-15,-1.0404261371024592,0.7262233156036636,1.3458790341017668,3.561986352534732
2000-01-16,-0.730373159805908,1.0297145929526994,2.4286827557647612,4.8036253541904355
2000-01-17,-1.339679231347315,3.6774120651255675,2.5940528610579494,2.488594760530855
2000-01-18,-1.7357813796557569,3.70474550444776,2.8741836953617015,2.1710424531098584
2000-01-19,-2.439473095018208,3.977054109804551,2.965640564165293,2.3075445823433145
2000-01-20,-3.0978769255798375,2.906075257744053,4.263505162445821,1.1312523080229056
2000-01-21,-2.526956886006529,3.9950525004944106,4.4956109703944955,1.0624230281882672
2000-01-22,-1.5483183539691445,4.687413236271523,6.515753836652912,1.3507851075671136
2000-01-23,-1.4008557849366154,5.431396138407814,8.519120399327022,1.7007498440113287
2000-01-24,-1.12766575198994,5.007048216317403,7.938959725378355,0.4982519427554861
2000-01-25,-1.8543653392379036,5.128690376840677,9.855755339703926,-1.0891712442682902
2000-01-26,-1.9821536227288086,4.640741421946408,10.97711774905061,-1.5221363224292523
2000-01-27,-2.8869165640366035,4.079045630463792,11.240459558228546,-1.7506155210166054
2000-01-28,-6.010836449691695,3.31524252087847,11.728573942314698,-0.9570320515496002
2000-01-29,-5.489010215016846,3.935595653229839,11.053007657171097,-2.7752287579325214
2000-01-30,-4.105606404222102,3.45749225521611,11.362108552541558,-2.822215473950059
2000-01-31,-3.528211465228738,4.546609830932697,11.247229255187571,-3.5584804098262968
2000-02-01,-4.107926087821334,2.9371099614216165,11.379066920462284,-3.650594657846299
2000-02-02,-2.880357287017439,2.9423966441761977,12.119908433132924,-3.1069847955794856
2000-02-03,-4.245597170003219,4.346968065076886,12.223966193662525,-3.16134751237094
2000-02-04,-4.2004053146525715,4.481459178165537,12.233848758308532,-4.1840730088251465
2000-02-05,-4.364563251637581,7.5852458673753915,11.158077997656202,-3.9648027576822775
2000-02-06,-4.303000264396378,6.9831470381119125,11.187014601310361,-5.314702379278433
2000-02-07,-4.884629375258564,6.524155661422456,9.201980811676052,-3.721003470518583
2000-02-08,-5.404266037116532,5.841003553932524,8.821768890443456,-4.695168138583678
2000-02-09,-4.797945183360456,7.53312105998004,6.70903299147717,-4.524875907130987
2000-02-10,-4.549121217447382,6.7309710187345315,5.994172866082771,-4.7091638351563985
2000-02-11,-3.589580519576444,6.675760407241284,6.471783616785521,-4.114548601710049
2000-02-12,-2.832876777682335,6.57100697003202,7.377855447276622,-5.596386524665119
2000-02-13,-1.809016866553241,7.990696086384059,7.114331019238617,-6.187973477894474
2000-02-14,-1.0350374121614723,7.547179572933546,8.782465534845084,-6.897575460740099
2000-02-15,-1.328372494599771,7.675330897789577,8.741282153991538,-6.646743938631991
2000-02-16,-0.21016225892830032,7.687778040291225,6.467126596048988,-5.574101630805602
2000-02-17,0.2988906399677297,8.23318535679607,6.2811646021424625,-4.613404630771312
2000-02-18,0.8868236056650376,7.634440831673199,7.482208905034699,-3.782771481404814
2000-02-19,0.7931213190209503,7.526366122299831,7.34561526367458,-3.7121372017682273
2000-02-20,-0.08061848313519726,8.127469861657879,7.900488812278947,-3.5670007577838287
2000-02-21,1.071322372372776,6.87823918449691,6.650051222329836,-2.605256168085114
2000-02-22,-0.6059081395327939,5.199288596133159,6.286958950059913,-3.2359611373778483
2000-02-23,-1.0756369726733155,5.90569551238393,6.103172540989013,-1.4529179937685128
2000-02-24,-1.9673213214546064,6.793506415227828,5.676742930302973,-1.819404697858804
2000-02-25,-0.9272249883449981,6.606838741052245,3.478191981072529,-0.8109815402819527
2000-02-26,-1.3745883605367704,5.7863377551043484,5.042318046605997,-0.6752048119481451
2000-02-27,0.9164346453535668,6.203693685887259,4.255584951375266,-0.9656320457190433
2000-02-28,-0.4044076957370055,6.7858852187091365,3.7885378971336507,-1.6656166299122743
2000-02-29,-1.2638451490645441,6.8451109901518015,3.721929286954178,-1.3527784870619006
2000-03-01,0.45225406438522997,6.044467962258612,2.5260812840995417,-1.261569599786312
2000-03-02,0.12656951955931173,7.246601355681831,2.129573736941995,0.5745877493922915
2000-03-03,-0.007197386019970414,6.947804334383946,1.9300040233988551,0.5644441135320023
2000-03-04,-0.3688143421234631,7.924803868021626,1.3953606070236448,0.11486914711168933
2000-03-05,0.09236630882870672,8.558539358600285,0.35843648191674005,0.4452320114960663
2000-03-06,0.6231642008403844,8.204265496464409,0.5111386889229927,-2.4835910816644735
2000-03-07,0.7591544584496775,10.103182847956594,0.04382284213434173,-3.1056404941711544
2000-03-08,0.13454177986680294,9.267964884775552,-0.6693940478415252,-3.272415983479299
2000-03-09,-0.26847982553624183,9.05165014420078,-2.280007578206275,-2.9148265809682856
2000-03-10,0.871948137480988,8.504746918972069,-2.158872178366368,-2.3605390870298324
2000-03-11,-0.8099193898566869,6.84690757317794,-2.959339664855879,-2.968867271620899
2000-03-12,-2.2696954739713555,5.791061051228305,-3.416697072699601,-1.887319053470516
2000-03-13,-1.5896729498727553,7.08586995119706,-4.07167119334442,-1.3745174255506332
2000-03-14,-0.6054650135980533,7.256296644759488,-4.771404154392451,-2.0534502097703764
2000-03-15,-0.25002326418857224,7.081038374454831,-3.8013753422819914,-1.523453727347421
2000-03-16,-0.4346104199471932,6.489710992418949,-3.0726797920004914,-1.0275830379860813
2000-03-17,-0.8660505034190182,6.090425875021979,-3.181037822138926,-0.9594495446847583
2000-03-18,-0.42525448156856943,5.377248186297845,-2.306659573998274,-3.7874640077100383
2000-03-19,-0.8350978362866821,6.909328868724393,-1.3822295077609068,-4.296391468935794
2000-03-20,-1.8535004782948696,8.979523121802167,-1.616930204695918,-4.965418735459237
2000-03-21,-2.1277491413670035,8.492902716471214,-0.357115703879463,-3.778770007026715
2000-03-22,-1.0844421428862303,7.875828928199569,0.5083716111699076,-2.4389546011636805
2000-03-23,-1.7442474194690807,7.465791041957052,0.557274480115529,-2.826399092115955
2000-03-24,-2.1741928897675082,6.588961658533685,2.683322550678275,-2.644930480098144
2000-03-25,-0.5062481759958264,6.918890655832266,2.116043310365428,-1.977123690795818
2000-03-26,0.5305373055292308,5.925271845705521,3.3758694257737303,-1.3922155425179312
2000-03-27,-0.029553898529881106,4.520497202803957,3.1378464848314542,-0.9666280398014245
2000-03-28,-0.27332779212782055,4.685620129230466,4.40183634937565,-0.7438579397262289
2000-03-29,2.4761685643381552,3.61943476398398,5.611992854259964,-2.2574734505425673
2000-03-30,1.2514669111359165,3.9759323094838606,4.654418451211544,-3.7561351029774683
2000-03-31,-1.1179631085542676,3.7530910339804153,5.682109458888817,-3.5311820375907987
2000-04-01,-1.8852678186802423,4.341539874572178,5.174182593997047,-3.2411885057076293
2000-04-02,-2.4550613717451824,3.988894626609302,5.051866082441304,-5.1492665720380675
2000-04-03,-1.286504915446408,4.901733589648719,6.5141753981706145,-6.78375879848913
2000-04-04,-2.1710663125595966,4.213079468698191,6.916174906164142,-5.430515102053908
2000-04-05,-1.0176630862418332,4.628266907472199,6.602476368986548,-5.532024343341133
2000-04-06,-0.042401295283269747,3.40303932870738,7.447210163999605,-4.2308683049977756
2000-04-07,-0.7841872603982805,3.7078080494139067,9.497206097244373,-4.846946681915212
2000-04-08,-2.2231208459735123,4.4460749285343,8.114839245499942,-4.402796935524798
2000-04-09,-1.5612467143852733,4.281471894913066,9.061777936222905,-3.748854999658915
2000-04-10,-4.554813038871675,3.3668031561938987,9.079027752313909,-2.714363798570865
2000-04-11,-5.447218966407009,2.7931355578790877,9.499931437147126,-2.3385081904110754
2000-04-12,-4.529314914544283,3.8314999105025866,7.870776475908924,-1.3500719462691029
2000-04-13,-3.083448737718383,3.044682138376528,8.489798679998465,-0.5337902856914949
2000-04-14,-2.1953385357491637,2.5772180387598054,9.017891652317205,-1.286108991317533
2000-04-15,-1.2715839452180027,3.0709700670719924,8.808215593277602,-1.3065801230977796
2000-04-16,-0.21991551849573776,1.1748600751735985,8.951112567530918,-1.360118082444709
2000-04-17,1.023380862538108,2.43230057740971,7.401412514457846,-0.3237036502989088
2000-04-18,1.9086759092140648,1.5182827251794289,6.875059897386025,-0.15506517148665228
2000-04-19,3.985319297077937,1.5202477889825088,8.592326973201866,1.1657004091884904
2000-04-20,3.5332160366789696,1.2490357314910092,8.814901504179584,0.8605515516272442
2000-04-21,3.3803860511545465,1.702648007511311,9.303076271196543,-1.0322532819359393
2000-04-22,4.637856236872352,2.0745705009516002,10.25550279637582,-0.9143642669526896
2000-04-23,5.049372481778118,3.3288338591393445,9.84547805556927,-0.8382617128549278
2000-04-24,5.103161967019037,3.0196877051125592,9.388957643485051,-2.1913537770625404
2000-04-25,3.5033688533248633,3.4151385351312413,9.54560633101842,-3.61397978744061
2000-04-26,3.9025293022400516,4.412657335418401,10.19735666620121,-3.214044500518674
2000-04-27,3.408634175087495,4.380623210227078,10.919883384218164,-3.3312396181917627
2000-04-28,5.773916605448482,4.569956771576283,10.930075854955254,-3.049938234919904
2000-04-29,5.139189120037435,3.1346728049127934,10.51896006861281,-4.428755533683847
2000-04-30,7.407371901966724,2.6131712417506217,12.104679836881937,-4.043955539599814
2000-05-01,8.016933058954303,4.012254516713378,11.931058395498342,-3.6527090337204684
2000-05-02,7.433088738475157,2.9477235727410607,12.034522070858856,-5.12764989558407
2000-05-03,7.26212858210044,2.7863906040225714,11.291558955074679,-4.666278775892406
2000-05-04,7.6090911142973825,3.3473577601345514,10.469885242446292,-5.179939139286469
2000-05-05,7.7854290974690405,1.9156785792622437,9.976341316494413,-3.6691617830206695
2000-05-06,6.973425189434529,1.881686015753973,10.60555304076953,-3.9731768296172345
2000-05-07,5.296704030457455,1.2647381361111854,10.629130259649292,-3.593374388647419
2000-05-08,4.7568935425576155,1.7647042963526467,9.415170032874059,-5.487773658596879
2000-05-09,5.224452784040193,2.949515888411816,9.85727335497869,-7.705190466341275
2000-05-10,5.48006189215375,1.8630260147632929,10.928768639625432,-6.493363579145135
2000-05-11,4.697879733802356,2.569009268322656,10.849457001086316,-8.012285428042073
2000-05-12,4.952896569252673,1.9474694189057562,11.446255537516052,-7.320631074750544
2000-05-13,5.841778819752673,1.6202409621156821,10.854773159223416,-5.5250399848967575
2000-05-14,6.618468954356097,0.934738741530049,10.206533681537817,-4.796654793216503
2000-05-15,5.799171218020231,0.710706670354646,12.161301114646585,-4.535576963130476
2000-05-16,8.862431497535274,-0.5391890138014167,12.66609727931694,-4.637699461060662
2000-05-17,9.407764650772451,0.4537065768650006,11.560619198049816,-4.6101671073590955
2000-05-18,9.20181371456278,0.5105063948616687,11.829302104252404,-4.801184450257718
2000-05-19,8.990507726324822,-1.309196941889661,11.663467859874714,-4.886121197999019
2000-05-20,10.271244390662826,-1.4079931813642832,11.557753407294944,-6.480539952990515
2000-05-21,8.672004822530264,-1.312027275473382,11.218619598065787,-5.41907314177575
2000-05-22,8.720938974161932,-0.8665060472524023,11.465039942116489,-5.0655047946049905
2000-05-23,9.461117384455626,-1.2732941587371094,11.21375866373914,-4.8874920441018075
2000-05-24,8.223179649272756,-0.5821564246785658,12.097727917463839,-4.446436485456924
2000-05-25,8.102698420182735,0.6818989877736623,11.879122911291908,-3.6448708551970226
2000-05-26,7.410300282109868,0.505697368927859,12.262370547222242,-2.698166857176079
2000-05-27,8.350090940880385,1.283666771854759,13.634311266631025,-3.364900800527533
2000-05-28,8.535668914471882,0.1676951413285368,13.983521922717756,-2.904743509213042
2000-05-29,9.26392480498446,0.5455745275630624,13.999833869980678,-2.8660512132564495
2000-05-30,9.181377217377618,1.2858209362480593,15.160109124867665,-4.82502291828143
2000-05-31,9.465501809929265,3.354697474043982,15.760726260943965,-4.243300985593602
2000-06-01,10.347777681789262,1.9998292439441319,16.084601540757106,-3.9864318073460687
2000-06-02,10.844291272112736,1.718157138802472,14.56615864765399,-4.952243462351679
2000-06-03,9.997616528852125,1.0087105533378067,16.153959386788607,-6.3652184142320944
2000-06-04,9.274517013268703,1.8237005462671312,16.77320612310875,-6.573406245489731
2000-06-05,8.395538767234857,3.006457009259309,18.554962858720135,-7.349179830948762
2000-06-06,7.076145987036939,3.42802252669265,18.76758545291752,-8.469478949394826
2000-06-07,7.577845070545362,3.2780617007412634,18.082620944311657,-10.20906179791043
2000-06-08,8.081373118535705,3.7181268695701166,19.067624320297405,-10.80198129892374
2000-06-09,8.032590031800313,2.497830629285085,20.187999603555095,-11.549990284951722
2000-06-10,9.70778557499943,0.8487449161464555,20.03239224617285,-12.650844166888746
2000-06-11,9.407916907999278,-0.301155736495899,19.94935473022996,-14.415919722827947
2000-06-12,9.789237876751564,0.1426470665551573,20.659466631563713,-14.462993454772237
2000-06-13,9.871493545347834,0.6187374420307039,20.79100289172198,-13.713652565227203
2000-06-14,9.949282300757407,0.44175111390428123,20.54471859176606,-12.866276608700309
2000-06-15,10.774719103720876,0.2974593993193868,20.38187187970039,-13.78046281063931
2000-06-16,10.032198591533636,-0.40721550216522884,20.66294952981118,-13.182649317990911
2000-06-17,9.044426240878982,-2.3561301218770803,20.70271618564883,-12.978082737062898
2000-06-18,9.584737743557415,-3.357283760583302,19.568778548733185,-13.606234180161886
2000-06-19,8.822638179939009,-4.281033929672678,20.1253600540266,-14.226874571611823
2000-06-20,7.187813398625615,-5.7455711825666285,19.92131243551949,-13.474425692248785
2000-06-21,8.575351358703278,-6.130510963577596,21.15309785432687,-13.723159900360749
2000-06-22,9.669438262931488,-6.0776438633810805,20.81406239181082,-13.070985216496013
2000-06-23,9.654994407610822,-6.953600355418706,20.953754290907927,-14.465459582447794
2000-06-24,10.213003487785187,-5.359470260875827,20.829810662257128,-13.570609727491966
2000-06-25,10.95742698077391,-5.9577739645911905,20.47317045183403,-13.678460084387632
2000-06-26,9.277366188965862,-6.893845199230031,19.316445621926434,-13.794715941346313
2000-06-27,8.802554971798699,-8.31042387521794,19.877816028574355,-13.88049534897874
2000-06-28,7.169122396338593,-6.8503156519574615,20.647559932210683,-14.147716228493568
2000-06-29,5.978407519004046,-7.253605443124317,21.331484297343067,-14.419637873216374
2000-06-30,5.855066147794814,-7.188513568913586,21.480447902149844,-14.342359265215753
2000-07-01,5.013715242129103,-6.638343893185705,22.431745849309998,-13.697676393541865
2000-07-02,4.809716365748323,-7.704087732453869,21.801258310303357,-14.121058137013764
2000-07-03,5.340425208545602,-8.139416939812643,22.125030852845565,-14.777276597093623
2000-07-04,5.579503041254485,-8.426907006905383,21.149466033311228,-15.901344387122153
2000-07-05,3.939027135206543,-7.680833078474056,22.541155779929362,-16.201925235271357
2000-07-06,4.044130473900899,-7.7418281400516245,23.552291891691738,-17.619950569374033
2000-07-07,4.797113121104782,-8.760287783733098,24.61035169434877,-17.16367073197384
2000-07-08,3.6003596088456504,-9.660297595976095,24.43464738860491,-17.00538508675692
2000-07-09,2.7858137242673218,-8.725621159328634,25.39425959399582,-16.743228579768342
2000-07-10,3.1968691781248744,-9.21380696133955,24.993989856986815,-17.081233358772987
2000-07-11,1.9525507964057276,-8.048968368137668,25.3472434921463,-17.863042495665628
2000-07-12,1.8300778445532935,-8.442712053981195,25.74517812407003,-17.075051536740823
2000-07-13,0.6035584034019761,-9.144112366083299,24.966156809845867,-18.79708471085722
2000-07-14,0.6385743470852158,-8.379816013462369,23.983032379000985,-17.750343981018045
2000-07-15,0.7744662075899413,-7.650009560004144,23.622970686785337,-17.802343124130275
2000-07-16,1.436632861590958,-7.51622027964598,22.641007196347832,-19.14277262619079
2000-07-17,0.8728266386577028,-8.521187049079847,21.557111981665816,-18.527355127658183
2000-07-18,0.1672225244329083,-8.615291177462662,22.297557178726752,-18.66249866161285
2000-07-19,-0.30778673383520555,-7.754714805682502,22.068103396074033,-19.077362734346643
2000-07-20,-1.901582223712965,-7.291955191978961,22.89614390707359,-16.758791298139837
2000-07-21,-2.0495256369820254,-8.29742984089839,22.77911123268196,-17.01128861123624
2000-07-22,-3.293943563399559,-6.7157026355204055,22.503065951760515,-18.30905279269328
2000-07-23,-2.1972185797076618,-5.998983277035112,23.054951224525297,-17.13169508470069
2000-07-24,-3.1366030904234434,-6.650803622419737,23.700325195589187,-16.893536393476072
2000-07-25,-4.24245550715737,-4.686012271236173,23.176377382329715,-16.836583569699986
2000-07-26,-8.136831588780225,-3.313242390162774,22.25230625845262,-15.903591489055398
2000-07-27,-7.437287324883795,-3.1811582647410885,21.052665589130658,-16.010349287865623
2000-07-28,-8.735065219832627,-2.238825809404931,21.21807672842042,-16.25533373699864
2000-07-29,-7.871204128994313,-2.227655642396652,21.967074477555535,-14.873258955331625
2000-07-30,-7.901655969003829,-2.366183174804865,23.372454516488364,-14.952343521537033
2000-07-31,-7.429848959824676,-2.8499962774285796,22.76197361008135,-14.813392528868587
2000-08-01,-6.601220503347748,-3.118280600667785,21.727759925104486,-15.890445628927049
2000-08-02,-5.370308873620684,-4.186630849513998,19.892058071958317,-13.594933030091342
2000-08-03,-4.955759704150667,-3.055696423848068,20.99551003551896,-15.036545180925303
2000-08-04,-6.774238507517557,-3.929747536284332,20.39495272461356,-15.864567514281992
2000-08-05,-7.228181187211192,-4.209308913290568,18.91533507429099,-15.357989775269573
2000-08-06,-5.893258569342459,-2.7694472481087486,18.485534238208476,-14.449086617204692
2000-08-07,-3.2140500497211715,-3.533562186893379,16.590187516997823,-14.00433449539044
2000-08-08,-3.3631025845574074,-4.288380670704472,14.454147320511108,-13.717032587435268
2000-08-09,-0.9262420392698862,-5.8937520788153,14.714776204651669,-13.5381337388719
2000-08-10,-2.6097963049003465,-6.567964020057497,16.424353092035453,-11.942856479765398
2000-08-11,-1.4792957754526805,-6.7578042618066485,15.123171070605334,-10.306948901121087
2000-08-12,-0.9869145028311206,-5.0648679331882285,14.975810233971712,-12.735132018921796
2000-08-13,-2.2432000113291406,-5.26971751983188,14.894545511576437,-13.018582469313872
2000-08-14,-2.6757696548327,-4.594824427798718,14.019022030974652,-13.353623003277582
2000-08-15,-3.202989804987543,-6.558380318847356,14.898950405620699,-12.692785936878142
2000-08-16,-3.084766995221015,-7.676739327872209,13.019382016595987,-12.998273547648974
2000-08-17,-3.7947572730053354,-6.89635455895713,14.52626943402893,-13.978250240748002
2000-08-18,-4.947187428860984,-7.8765071736878305,14.231281040636539,-12.605440101758616
2000-08-19,-4.7186699483303185,-8.389321938666166,14.01538510948648,-14.321718843928561
2000-08-20,-6.367688455881316,-8.803575848779104,13.585422274013133,-13.978973552725583
2000-08-21,-5.573105939785538,-9.724710708820542,13.468489410818373,-13.839488656180002
2000-08-22,-6.6916019058799945,-9.739452760003445,13.828635700907903,-13.311824804336922
2000-08-23,-5.282971829850429,-9.660278906622255,14.03647300953183,-12.927700917556152
2000-08-24,-5.762666916638154,-10.224496107451301,12.305061999507995,-11.347388391847899
2000-08-25,-6.29742505568842,-11.228603238370598,15.448281234911793,-11.390508195444104
2000-08-26,-5.846489167622,-10.978347203332238,16.513472591951192,-12.291206180362053
2000-08-27,-7.197041863915528,-9.909401354298652,17.31196506642931,-11.471978965479037
2000-08-28,-6.780155538748672,-10.80529676365193,17.024433196109133,-10.499466031650533
2000-08-29,-6.097979505944279,-9.116133263298995,17.60674779214547,-9.1586657081617
2000-08-30,-6.944298986757138,-9.43091679757367,17.131927261917557,-9.749982691887507
2000-08-31,-5.595671683615038,-9.707942813655057,18.171169583245625,-9.291213320491067
2000-09-01,-6.645461508330532,-9.520031599014967,19.097054142436097,-9.739494568715712
2000-09-02,-6.189865053320041,-9.362892756923909,18.125015926502623,-9.717937094770987
2000-09-03,-5.7494307467083265,-9.40467577072488,18.814086924906505,-9.26550505436991
2000-09-04,-3.8891474750622335,-8.636479911586619,18.567101813361745,-8.859491361168557
2000-09-05,-2.481720541988073,-7.999445387384961,19.361367102444223,-8.757330715412271
2000-09-06,-1.043151581580921,-8.718556588098128,20.08119222854058,-9.247795934145666
2000-09-07,-2.3865179798928287,-8.37922922885928,19.166079198757934,-8.17604965819883
2000-09-08,0.23499287438152727,-8.090153363010586,19.770233994690003,-5.888787694883395
2000-09-09,1.409462889367347,-10.896334526212469,18.016116113280503,-6.193221699680038
2000-09-10,0.11878450764970072,-11.505275312750864,17.887897861525307,-8.900202933489716
2000-09-11,1.0235056718839115,-10.892984161889952,17.91721671674432,-9.044069062447845
2000-09-12,-0.24526014868877954,-10.028464224925337,17.051800250678,-9.693835276633495
2000-09-13,-0.54197093637015,-9.966633395277102,17.482419872438072,-8.714506382280197
2000-09-14,-0.3906443227519275,-9.705733092594066,18.112602771434645,-8.928518168596781
2000-09-15,1.8801388869620412,-8.91470534378541,18.31170912511102,-8.771076297511028
2000-09-16,1.8769427108427512,-8.324279820855578,18.72328322841066,-7.597495219604183
2000-09-17,0.3443860170927808,-7.687525662941119,18.79027200963044,-7.1353161588476635
2000-09-18,0.9813082917344078,-7.5041517536472275,19.949987519138652,-6.858457757502108
2000-09-19,-0.7858126788700555,-8.678626314350165,20.99412425264435,-6.767436995365177
2000-09-20,-1.5986334098438946,-7.464959255367493,21.228055756487716,-7.441012866126506
2000-09-21,-1.9078872807541458,-7.652594118535676,19.84046744332005,-6.1295492479026334
2000-09-22,-1.4639421883344552,-8.207742985825753,19.85826753197152,-5.882697889707191
2000-09-23,-1.2021193880991223,-7.770428276431862,19.82109162198579,-6.368820336553588
2000-09-24,-0.7162312938914799,-8.024710539288279,20.415809082015183,-7.247984533005969
2000-09-25,-0.8941503048117756,-8.32488504258228,21.388831662682254,-9.153685049633076
2000-09-26,1.2676049411416108,-8.276462882945735,21.895547117023906,-11.612717750576898
2000-09-27,1.1824430357392686,-7.486415413183475,22.55558431855665,-13.128947936419724
2000-09-28,1.1974294519882154,-6.8820549921588485,22.670071575867162,-14.016687068142598
2000-09-29,0.2116757834045725,-3.9643768547422034,22.886772462312592,-13.562745980906113
2000-09-30,1.7183260938345288,-3.041091157539627,23.19310889470107,-12.015024871887867
2000-10-01,3.0128148330425386,-3.1509851506330753,22.90413803941595,-11.906547044050914
2000-10-02,1.7217770247517816,-4.2082964626456665,24.0389137668786,-12.362397873103074
2000-10-03,2.204131042398255,-3.6801006066863415,24.879546450759666,-12.413330624946864
2000-10-04,3.0178776578343456,-4.747064924023372,24.007182393367305,-13.243031005490893
2000-10-05,3.2219810356892222,-4.060333536770332,23.33316781277146,-12.945072056408259
2000-10-06,3.1608939975394095,-4.852910932647292,22.592411410125823,-14.270570001966997
2000-10-07,1.3543566525833302,-5.629470217650651,22.43639408984918,-15.034180217587705
2000-10-08,0.545106725705871,-5.107215814199536,21.96361114992981,-15.447866335165568
2000-10-09,2.879390285650516,-2.371709441149022,21.158003617138373,-15.461682109505498
2000-10-10,3.5818331965722354,-2.249841543691868,22.125364387358847,-14.854546894539224
2000-10-11,1.8594665442228244,-2.8794113305421076,21.869231568966036,-14.94005921402417
2000-10-12,2.7214185157687365,-1.8216966449892775,21.350674011431895,-14.415426579538895
2000-10-13,2.719012999290525,-1.1017819632934502,20.690807285575765,-13.297631345782074
2000-10-14,2.875022607993348,-0.1387291951262989,21.859301140093688,-16.009389463218966
2000-10-15,2.101625412480661,0.07628163331815013,21.717506656016322,-16.14797669247291
2000-10-16,2.9728065384447455,-0.28846051498761327,19.395611246193795,-16.01490651696671
2000-10-17,3.3637033938695398,-1.595419647940143,19.108415897752288,-16.290564140178603
2000-10-18,3.5840096838433495,-1.3740642578208497,19.893116953296264,-14.564475682271622
2000-10-19,3.116121296103182,-3.7647501891122794,20.546267432440303,-14.826447618105016
2000-10-20,2.7571342363965403,-2.040538028014149,21.38690112383318,-12.002751456221468
2000-10-21,3.7416725443832886,-0.6640555222477358,20.870149813592047,-10.518025305048607
2000-10-22,3.707122201459971,-0.9020931169343104,21.938010372156125,-11.075258174310372
2000-10-23,3.5021190026290303,-0.8069801471350422,20.81022310450648,-12.97794638478789
2000-10-24,3.0999490620837364,-0.6602982395505784,20.059055989567756,-14.128400743592694
2000-10-25,2.1788307777796123,-0.09191153366336846,18.433983048730546,-12.084148928135637
2000-10-26,3.2355278464705726,-0.9308877880171816,17.761275731976326,-10.76565534093058
2000-10-27,3.815913374394299,-1.012598894665757,17.249219702805917,-10.303645146246685
2000-10-28,4.290316021922699,-2.7575919200585854,18.070942883194427,-10.406525074004845
2000-10-29,6.249508975636525,-2.4836945500299117,18.462990922826442,-10.814751991064186
2000-10-30,7.256885719267661,-2.674210699738162,18.27720848827198,-11.188506206959797
2000-10-31,5.881141830392715,-2.49281708973695,18.28818682721998,-12.758104727409771
2000-11-01,5.055604500663876,-2.3049618953158464,17.48313658002095,-14.59828597669591
2000-11-02,4.439935778656987,-3.183904905527531,16.29160558253539,-13.795597698710097
2000-11-03,3.9537210240223004,-1.1797598448065316,15.74041800115203,-14.922031110121228
2000-11-04,2.4574415547282573,-0.004524920282852785,18.706178385322133,-15.72180469147734
2000-11-05,1.7608970706651004,0.0885391959536353,17.629948207425773,-15.868396762620089
2000-11-06,1.5890588470014078,0.22455547863563338,19.387283669607935,-15.041925953143066
2000-11-07,2.0545958918897482,0.8204932224708311,20.906810254314685,-15.141379311342382
2000-11-08,3.9440379096153055,0.8240427816204043,19.857487151254404,-15.021313556826927
2000-11-09,1.8733995945686086,0.910960236372147,20.361531940554755,-15.380848207371589
2000-11-10,1.4663728401971543,2.1175995882418714,21.15329622630336,-14.025037289079657
2000-11-11,-0.08280483341736855,2.302175948896703,21.511020411421146,-14.112958621964237
2000-11-12,1.3203618386235012,0.983228843242052,21.494570806570046,-13.529800789290938
2000-11-13,2.944097787774918,0.0378432188800466,20.40307347376771,-12.393782352288634
2000-11-14,3.0979677324972794,-0.2298784964954655,19.4199453420589,-12.461460446717922
2000-11-15,3.434493895766483,1.5046608997871678,20.69134535432043,-12.385496149578135
2000-11-16,3.0602755232846235,3.366880982487001,21.302027647099866,-12.794125736324794
2000-11-17,2.4900570086977214,5.726814751069364,20.32656171098641,-13.456331055505181
2000-11-18,1.1563367568001033,5.08743742860584,20.1750010933278,-14.342472452737152
2000-11-19,1.2409085599802225,4.4994667792097465,20.14672810567556,-13.62377938396289
2000-11-20,0.763145722180809,3.9037173301842376,20.035883277039492,-13.054649949441455
2000-11-21,-0.6068865797329474,4.905724542936513,19.345603922997483,-10.928424186524124
2000-11-22,-0.9898759812533325,5.435533823748857,19.142610974450886,-10.574720967791743
2000-11-23,-0.5072546187760927,4.805659058286043,20.51148683298281,-10.76439902933664
2000-11-24,0.8165832300850824,4.556364541386425,21.28101109966729,-11.068997082491814
2000-11-25,-0.854920617614569,5.267116611336387,20.65475403099595,-12.663720458905553
2000-11-26,1.0229982243326772,4.8532976732081625,21.12320081377032,-12.72510229259215
2000-11-27,1.9186871892514992,3.100349810706303,22.080126822452115,-14.715519539411078
2000-11-28,2.9783055877881983,2.529939806566536,21.83339736551381,-13.222326525684462
2000-11-29,3.903699793545046,3.0432794008589883,21.12565923683741,-13.083443791109366
2000-11-30,4.32737144977076,3.5244228444137917,21.553275508320795,-13.55562773891559
2000-12-01,4.067025898295574,2.6275393317038644,21.347958241087525,-13.464469379816032
2000-12-02,3.4364715933919507,2.314337481105772,19.697885941125815,-12.987695494381638
2000-12-03,3.4630666596055164,1.1702349152083005,19.876179087854045,-12.899425244557897
2000-12-04,4.427260963151822,3.317655159419903,16.609184131677704,-12.691058286495137
2000-12-05,4.396273427599722,3.362117390972147,14.569521331968222,-13.698225972075377
2000-12-06,2.846365530038174,2.6707398772697517,14.40002457444073,-15.80211771447411
2000-12-07,1.957065013267609,2.693098245711688,13.827688716877173,-15.601038467230216
2000-12-08,1.723693835001682,3.4519175788720187,13.566757928359799,-15.483975012840201
2000-12-09,1.9356581026403488,3.407690245921724,13.791286842002453,-16.21888340470311
2000-12-10,1.604859679000213,3.969936040747965,15.420517668874206,-16.7950782881213
2000-12-11,2.5464166176936596,4.345558101366826,14.600857116084345,-17.49109849460016
2000-12-12,2.1317074136683845,3.6443965834065106,14.360702459080855,-17.658169235485058
2000-12-13,1.4227303515671368,2.0156890518947925,14.024074293184324,-17.140166469499942
2000-12-14,1.8953139631531395,0.7752735337287611,13.042250206980967,-15.709310339522428
2000-12-15,1.350721866481551,0.7730414215202683,13.235640266203854,-16.571747178538537
2000-12-16,1.154427267480738,0.05232971212613169,13.701970271596128,-17.609219826015774
2000-12-17,1.5155389034259328,1.40769889279343,13.829463986761079,-16.964111014746337
2000-12-18,0.9379005579751762,2.352969303996145,14.894422036507539,-16.806067417983378
2000-12-19,-0.44451197223593875,2.1515976586202195,13.609420526233091,-15.678767581979795
2000-12-20,-0.2383753468591331,3.4457174516535645,13.319772318482633,-15.320303158327075
2000-12-21,0.5519733122753037,3.5156283841013556,13.33171470131519,-16.593277650534088
2000-12-22,-0.22659694339682546,3.698220670025538,15.126747361813816,-16.75384772179143
2000-12-23,-0.2958366464420387,4.553907139192668,13.249026811862215,-17.950042909389804
2000-12-24,-0.6908155746840592,4.89397321922125,13.250952412806571,-17.489511669323587
2000-12-25,1.6915564024046446,4.5366600234869905,13.589267603857163,-17.150639927927173
2000-12-26,1.4604733390814082,3.1068871303995422,13.615226947222935,-15.993597495260161
2000-12-27,1.4926057665155616,5.4630246244965015,14.333558043819542,-15.956688465972343
2000-12-28,0.6119225192613889,5.974968566152005,14.44509420857082,-15.593727031932426
2000-12-29,0.8359632466880625,8.843350599461578,15.135955928483455,-14.527055923061418
2000-12-30,-0.2167945558085448,9.27986278765227,16.391453863114357,-14.690719684926647
2000-12-31,0.5382042963289849,9.126893760442716,14.882696357557634,-15.1610297348473
2001-01-01,0.5194205089064208,11.082431092614762,15.812270297985975,-15.455480225110659
2001-01-02,1.1873881515712867,9.853002844572785,14.781498296673217,-16.216647382708317
2001-01-03,1.2565142289208677,8.052695289414707,15.070283052034187,-17.122992942147988
2001-01-04,2.5646333431904877,8.765157982191969,13.666602427561882,-17.75609646520383
2001-01-05,1.7523984989608148,8.864011819158303,12.913178721422362,-17.501182795113575
2001-01-06,1.2420162162263355,8.1661843237055,12.984364028871084,-17.81110085580173
2001-01-07,0.5126350776933515,7.059606853390385,13.872742115126208,-16.723356365807955
2001-01-08,0.05506766942059421,7.17703284499165,14.786327769524643,-16.168264105960034
2001-01-09,0.16638035374831683,6.108661492199296,13.76069625316405,-15.924522068613355
2001-01-10,-0.5770724678215967,6.757168733252342,16.001866728097518,-17.081513712061046
2001-01-11,-1.9244245676989786,5.747400515602624,16.23534317110276,-15.623784739666753
2001-01-12,-1.8494857341123287,4.29800026040748,16.147904586417287,-15.814646710091244
2001-01-13,-0.888048758301942,1.6682630510502627,16.256878606443887,-15.345687909854687
2001-01-14,-1.217512458206783,1.7660194799393,17.477751212801692,-14.498998763354694
2001-01-15,-2.6622013885919382,2.5417972282496106,18.186820592334318,-16.130964562125474
2001-01-16,-1.9142511184071629,1.8895591871427015,20.124410380975828,-15.521543244701382
2001-01-17,-3.010684989443164,1.6811760210424356,20.968195470742835,-15.190046991655855
2001-01-18,-3.261784533905513,2.3689131909000647,21.238297290162024,-15.242115881094163
2001-01-19,-1.1937669801248014,3.0979104898783345,20.277649953624053,-14.334291319556291
2001-01-20,-2.114523355251914,4.563781735890721,19.071369942009902,-15.316313736130478
2001-01-21,-1.373795937098328,3.8070104604869655,17.83508525117353,-13.6068682969613
2001-01-22,-1.074188244335952,4.985596940681289,15.362814361382403,-12.676962078047767
2001-01-23,-1.5755442422925219,5.161628669658651,16.951434450742678,-11.915623817896497
2001-01-24,-1.7213651101320713,4.948743002635193,16.9505997576812,-11.079955457435286
2001-01-25,-1.53074144773043,4.46490388005461,16.80836253374727,-11.354239070316002
2001-01-26,-2.4001697108053945,4.491096113312748,17.836279194238454,-13.426307280137499
2001-01-27,-1.6528418209216058,6.641303876877151,17.541050942947432,-14.025202680284682
2001-01-28,-0.9746011680245923,6.753017317037554,17.772367480308443,-13.701860112473712
2001-01-29,-0.5545349077449553,5.601433106856179,18.40652852949554,-13.158782786115694
2001-01-30,-0.7499415960731801,6.401339996129606,18.57255166857646,-13.019620847099898
2001-01-31,0.1632053145197211,6.617941972987739,16.78765424301405,-13.169899852699354
2001-02-01,-0.1787855681334768,4.484808503066219,18.244045951001496,-13.836083973699685
2001-02-02,-2.5493625986672757,4.5639104512583835,16.80673949883805,-12.466836683390149
2001-02-03,-1.6432734689757473,4.821454946335175,17.33938076122312,-13.095273570941787
2001-02-04,-2.39032384679044,5.076386439352506,16.529270546070475,-13.319211495420541
2001-02-05,-6.119073892795509,5.628516644047623,15.367789722726442,-14.292787480882014
2001-02-06,-6.709179444320411,3.74520475766061,13.96770858972782,-14.172764606715216
2001-02-07,-5.3751507403064895,4.153554396102191,15.106947129897947,-16.976557444701722
2001-02-08,-5.291938869202177,3.7480493204644896,14.425427009525183,-16.23527072439063
2001-02-09,-6.07643138924999,3.2534350097309854,12.485251805569574,-15.289346023799999
2001-02-10,-7.666491591305325,2.4040327409846993,14.179338853817779,-16.69077524686868
2001-02-11,-7.720172457494968,2.2937841300307764,14.535625235186055,-16.367565586369103
2001-02-12,-7.97221692052112,1.5825102745471378,13.851540538277105,-16.221140553357532
2001-02-13,-8.329615649381445,2.298287451507286,13.197600563710393,-16.605182405887476
2001-02-14,-7.872329332762277,2.515842614762232,11.97362674825017,-17.055499979643557
2001-02-15,-8.441417505758784,0.6682442546015848,11.30979738206372,-16.904364872853044
2001-02-16,-8.540471014699138,-0.18264333847107572,11.878239472783504,-16.58933211851565
2001-02-17,-10.226594846447272,-0.664698390599238,11.785438185814112,-15.932612651913258
2001-02-18,-10.498909115202867,0.06425018791741532,11.964589973105516,-14.499162834799794
2001-02-19,-9.68348786310104,0.4181534856993263,11.731192127501275,-14.095798722195855
2001-02-20,-11.414706205414387,-0.10076671585592645,9.26209165838267,-14.63295640224389
2001-02-21,-9.730761494275628,0.3223038024717235,9.522443928583844,-14.713789513865443
2001-02-22,-10.093176195542906,-1.648357573327982,9.5876647048531,-15.799233758660197
2001-02-23,-9.25490009597094,-1.9749495678310498,11.587624523828849,-15.862351465365997
2001-02-24,-9.592218808856694,-2.522782690300939,12.56826064067154,-15.793722339620468
2001-02-25,-9.618915197192171,-2.006030229391916,13.627410971707198,-16.943211288996768
2001-02-26,-8.043245203713868,-1.9959835059893802,14.2891098180081,-17.692062877424927
2001-02-27,-7.736484317870042,-3.516493590546151,13.704763098824849,-18.31335397454764
2001-02-28,-7.517116528898605,-4.969155034581956,12.522424658561302,-18.843914345911724
2001-03-01,-7.180958194317073,-6.127776797654176,13.522500571929967,-17.47331027101189
2001-03-02,-6.389993239597061,-5.000273812389112,12.765707614131308,-16.68279916253591
2001-03-03,-7.07843548287867,-4.043136171786115,11.536418553776773,-17.427578677598884
2001-03-04,-7.354007354703944,-3.5721665085772303,10.861893457473391,-17.352086094937675
2001-03-05,-6.832764574963809,-3.800815522641759,10.650269074126289,-15.372323376104871
2001-03-06,-8.018902346335864,-1.3136857307367613,10.73802525420645,-15.73613161467814
2001-03-07,-9.470695121856721,-1.0905200637753019,10.184214554674673,-15.49736102110202
2001-03-08,-9.202761485529892,0.48091771182212417,9.135230545630547,-14.657757079483956
2001-03-09,-7.791060292215327,1.3985858296692073,9.27799440292089,-14.755293126961776
2001-03-10,-9.428931232383897,0.5088033984363494,9.438081814711902,-14.705353277225946
2001-03-11,-9.366290568314296,0.6483842924290435,7.8064922927232345,-15.67744965145513
2001-03-12,-9.554891125748146,-0.2530344531305926,7.029845036447014,-14.728395572948688
2001-03-13,-8.304475142671777,-0.26913999994549637,8.463806285426548,-13.232583969619457
2001-03-14,-7.623894112387676,-1.4868271612838733,8.814391595016456,-12.66862992950136
2001-03-15,-8.230380289795548,-2.3263137582601443,8.37470313954904,-11.114673186108725
2001-03-16,-6.946007251136841,-4.065326785083789,9.208711871714495,-11.056999509323587
2001-03-17,-6.239128348915069,-2.6898592616856214,10.74662798219827,-9.47485561023131
2001-03-18,-6.223882415532537,-1.734330360878026,10.82711427852977,-8.65895077205902
2001-03-19,-5.191104948078618,-1.205432581188604,9.625150508509833,-9.289122284697832
2001-03-20,-6.8516446188352935,-1.4840217312862287,11.443869779378465,-8.844410921927459
2001-03-21,-7.250377364197403,0.5876739120920482,11.126638810241293,-10.69925988030672
2001-03-22,-9.065284486951997,-0.8175718996234893,11.652852351042716,-10.796885941808121
2001-03-23,-9.180981394248711,-0.21170523346944758,12.815547729283846,-10.750135870489263
2001-03-24,-10.971252148628873,1.0875359539486942,13.816262868063435,-9.93827654850217
2001-03-25,-11.48432546815556,1.3092401976103276,13.744129380334556,-10.24395127850829
2001-03-26,-13.47238410810942,0.4166842371190397,12.722037071194512,-7.947274230120959
2001-03-27,-11.4781166988504,1.0556336129113493,13.183376486135037,-8.015895943060961
2001-03-28,-12.303035360446163,1.051214817894459,13.760867742440617,-7.507723299264193
2001-03-29,-9.882493743465293,1.3231807178518376,13.037580340517229,-6.47912997031457
2001-03-30,-10.848789807122957,1.5634160742455416,13.446197973315448,-6.821201634856391
2001-03-31,-9.061518690162185,2.162317040611919,12.955123477878612,-7.836799633310089
2001-04-01,-7.215281557137761,2.4374644092887627,11.907271792613887,-8.224470017788876
2001-04-02,-8.284538468499036,3.7070702715800072,9.847511356528962,-9.263320543755126
2001-04-03,-9.165034324624424,1.8084526175255307,9.43226660609087,-9.360489674083162
2001-04-04,-8.609065190386927,3.3284464663482902,9.720451699644077,-9.462702639198445
2001-04-05,-10.009357801230538,1.7871751485224594,10.607708803901186,-9.75819054697308
2001-04-06,-9.116941149226767,1.1040637917060168,11.74604480526774,-9.370671648843748
2001-04-07,-7.801166699447162,0.5800885195405912,11.93889019334732,-8.58290592207936
2001-04-08,-7.485180776969761,0.10307907183575038,11.936397723640702,-7.233719211361496
2001-04-09,-8.394049703117968,0.17024226047180613,13.010565554854734,-7.180805291868607
2001-04-10,-8.955271018369785,-0.21689707931879437,14.75493985120659,-8.349943526143672
2001-04-11,-9.739284316933677,0.8779329462476704,15.636401956642299,-8.624680249923024
2001-04-12,-10.550247136003277,0.7659006781522016,16.078176796396072,-8.006195342326764
2001-04-13,-11.267023006774725,0.11826338378434975,14.096703028686683,-7.60393849559425
2001-04-14,-11.589534452805188,-1.5332751070795667,15.37516596639181,-8.209451770776136
2001-04-15,-13.3407155782671,-0.8915943437029665,16.583486202325943,-6.696834280528085
2001-04-16,-13.264606837086783,-0.6360069299800094,16.199395007910177,-7.440345238507866
2001-04-17,-13.54090378213281,-1.3879210333721255,15.791251657575362,-6.794588402232503
2001-04-18,-14.229120396975087,0.07034643897432447,15.815202487874622,-7.49275394839145
2001-04-19,-14.39641642544192,0.07893402816148769,17.281090125188808,-6.421926400786606
2001-04-20,-17.86740065387912,0.025846630471884437,17.14549160109281,-5.554687996399427
2001-04-21,-18.45986591518704,0.5876814626484634,15.051054107630339,-6.83523862793957
2001-04-22,-19.404918536969543,1.350445715720066,15.427403575257697,-6.1741123115880026
2001-04-23,-19.27838718081046,2.252791711382364,15.43875215608156,-5.394524853035194
2001-04-24,-19.827213975475242,2.243397442858097,15.379057414942812,-5.829558265404129
2001-04-25,-19.676631720754237,1.925656205818322,15.54165492562455,-6.254546841605644
2001-04-26,-16.878655729833692,2.336150549739423,16.979475447714364,-6.318115619114464
2001-04-27,-16.92882321089631,2.9184070705736143,17.798418480990247,-6.151680960134187
2001-04-28,-17.12781546147464,2.947935757475732,17.03585198603706,-8.12194616961832
2001-04-29,-16.274167457347914,3.7958211390901626,18.46023725388469,-7.163763116445104
2001-04-30,-18.98797437909519,4.134054755272233,17.869629558771297,-7.316782673557721
2001-05-01,-19.274553688594235,3.5697353244413184,18.920816946126013,-6.945227119958082
2001-05-02,-20.563029900850925,4.172628294095148,17.86684931954269,-6.776641332136495
2001-05-03,-20.58911459136694,4.248108871983189,16.044671789754197,-6.3228861727723435
2001-05-04,-20.298766583805765,3.559230523639117,16.735847799271806,-7.364607989628451
2001-05-05,-20.121524011026175,4.060747447546883,17.63710799368599,-7.2701395988021345
2001-05-06,-20.711653235973543,4.78652643533618,16.109593530271272,-7.932149483050888
2001-05-07,-18.985823500344097,4.349787078617685,14.54784695783155,-8.24084538836639
2001-05-08,-19.15328301919161,4.574731950439277,15.169080943314144,-9.91381204254025
2001-05-09,-18.93750799443421,5.009250057462604,14.801242708930701,-11.46101800901408
2001-05-10,-18.216887452085093,5.659892314932049,15.241392702820958,-12.789864010225171
2001-05-11,-18.73403059620148,5.063817893888688,15.044727782795013,-11.614029074344051
2001-05-12,-19.282249154548545,6.263893734629874,13.959768129416013,-13.073282105557597
2001-05-13,-20.067421879178468,6.024064401576825,14.348680546149486,-14.422611852034539
2001-05-14,-19.551115687516962,4.3931225366850395,15.321505436370984,-14.350476843692283
2001-05-15,-21.12563885818694,3.6190270874103687,17.35565832873991,-15.832287269591202
2001-05-16,-21.638858935255136,4.613379565880011,16.186686858626665,-15.326813678140121
2001-05-17,-23.934395648670346,4.931613707645615,14.29265551663856,-15.026338353742267
2001-05-18,-23.233100373633082,3.68616799138508,15.833288707910954,-14.94598645458152
2001-05-19,-22.403162576162533,5.135652358571927,16.660327697632454,-14.99735320340309
2001-05-20,-22.418923577883913,3.6387811643014953,17.233919905576034,-13.149003494986475
2001-05-21,-21.344580713538107,5.393747694227578,16.799737336734683,-14.183914066422536
2001-05-22,-21.44347099468195,5.4734897962140305,16.753580413977875,-14.420602809765384
2001-05-23,-21.781813851656693,4.743468152313807,16.40131936902327,-14.46948563308591
2001-05-24,-21.494971915456386,4.858782695384507,15.873041407608895,-14.095039477899835
2001-05-25,-20.77478052766856,4.819331052076289,17.208233119254174,-13.229848097693974
2001-05-26,-20.994809192679018,5.484063480985967,16.676021429739542,-12.903747747105198
2001-05-27,-20.658722163800956,4.537838333967661,16.504402414721188,-10.737048598535901
2001-05-28,-19.92513025165086,5.0418809885775255,14.252222041195308,-10.666200884679421
2001-05-29,-19.244692567585677,5.4302394744804925,14.720759571557558,-11.534234447861087
2001-05-30,-19.194165037932688,4.114402489814767,15.328129511874039,-11.491321104161885
2001-05-31,-17.996159874652584,4.243725055902289,16.647738694516587,-12.896041807393793
2001-06-01,-17.944780057667835,3.977001717856328,17.617132609515682,-12.91967542571433
2001-06-02,-18.676742465005063,3.245241122097677,18.98264094631275,-12.670283645978284
2001-06-03,-17.2479704200483,5.942251566731578,18.04700888142816,-12.762883099752754
2001-06-04,-17.30615201377529,6.115719413183821,19.24704734205769,-11.370562000063963
2001-06-05,-16.255093036611953,5.036129625601065,19.27227759879926,-12.908118942968311
2001-06-06,-17.154340850236263,7.260949390326543,18.386571462792404,-13.354527242771717
2001-06-07,-17.631201944350916,5.131509201090184,19.05507250366757,-11.303510951671996
2001-06-08,-16.269431932021774,4.804869796094907,18.974719826523145,-10.437866862364809
2001-06-09,-14.885942120322959,5.24862497221022,16.844991553862865,-10.57320924374008
2001-06-10,-15.400443189153929,5.473368907891451,17.3693700957141,-9.434326640497227
2001-06-11,-13.614666764959917,7.192327721442318,18.994191222326744,-9.472230261591065
2001-06-12,-13.375184020568813,8.32415669627969,18.77651453197932,-9.356465892151162
2001-06-13,-11.7843606780357,10.40885201013967,17.240502704252876,-9.367536620200438
2001-06-14,-10.824721181356633,11.825019195593203,16.550871337973728,-9.258406401922405
2001-06-15,-12.58334451852098,12.750653702771267,16.68592537206382,-8.690050928397412
2001-06-16,-12.686979736705364,13.303354847201527,16.970980884547025,-8.696759588207266
2001-06-17,-13.237502877282516,13.566470900686145,18.551780564479753,-7.137568101614156
2001-06-18,-12.442518533587945,11.302800631480993,17.757192837561366,-8.747040965570257
2001-06-19,-11.523515844062782,10.177321813793188,17.38250814037909,-7.384050605915931
2001-06-20,-13.318500374400685,10.324186531378448,16.759904394277772,-7.682146747116012
2001-06-21,-13.499988676843085,9.386291918090645,17.219043664210393,-8.697761461108902
2001-06-22,-12.65726365046759,10.336364280594973,18.157894349364692,-9.127106644158316
2001-06-23,-10.958063964121674,10.39193750201438,17.372582036769412,-8.26183111338283
2001-06-24,-11.339845820810945,8.054579173584905,18.163987769210145,-8.873682134910208
2001-06-25,-11.969042668671946,5.923492650328695,19.004261521446747,-6.472806308438592
2001-06-26,-12.158554360348381,6.058997761249133,18.75212489507009,-7.227277659956872
2001-06-27,-10.77120536786966,6.938201430991376,19.117902062151604,-8.363265034629594
2001-06-28,-11.084371637112794,6.849385753482444,19.54697732468972,-7.098753827839505
2001-06-29,-11.200825629359564,6.674318340405747,19.915976560022994,-7.238352297774356
2001-06-30,-9.740997701623332,6.992773622589289,21.083886058266707,-7.14287608306865
2001-07-01,-10.465340573214279,5.310061789632529,21.77561938967162,-5.740123998438474
2001-07-02,-11.228192991729282,4.704225516479726,21.43328701476707,-7.72405376182897
2001-07-03,-8.984843795633704,5.4849244665833705,20.55955987304616,-6.346145858339237
2001-07-04,-10.531883598674321,7.4362182703039235,19.880106300155123,-6.378380602687388
2001-07-05,-10.261622564725071,6.5876827346504285,19.610074593261196,-7.06930695734715
2001-07-06,-11.591241573474258,5.2209225918070405,19.826060960031466,-6.96768095396956
2001-07-07,-10.960886319888221,5.463769788801243,19.67717232276455,-7.0488511291241425
2001-07-08,-11.014615762438687,5.083225128558443,19.809452918261446,-7.599850887392778
2001-07-09,-11.620180335164084,5.42271044832322,19.642037742636198,-8.248862513199207
2001-07-10,-11.230956240409004,6.211976349631335,19.793495482448925,-7.62612149336401
2001-07-11,-10.883862208605763,5.353696675269322,19.567319272632684,-9.149908836048613
2001-07-12,-10.492538226505822,5.297694558863615,19.12855697963397,-8.151329889775838
2001-07-13,-11.157176785010304,4.100226868162644,19.780416689732366,-7.903691569702056
2001-07-14,-10.269797250016499,6.022701963790085,19.712165376147297,-9.215790321070463
2001-07-15,-12.680292795212058,4.7742299218959445,16.39429319549176,-8.615133289495402
2001-07-16,-11.200622112875715,5.394470892765639,17.533351511734217,-9.731216417767248
2001-07-17,-11.575708655208649,5.2283057311022265,17.518838699183792,-9.799318413422087
2001-07-18,-11.910519394170318,6.5550006173054784,17.240498530233108,-10.069520346773247
2001-07-19,-12.278413863957194,8.229386308711852,15.146312770105496,-11.03008994892905
2001-07-20,-10.97194044579514,7.8358338044875415,15.703836940726775,-10.259552058440462
2001-07-21,-9.245475495820106,7.982147659712355,15.461741176376776,-11.171667860926645
2001-07-22,-9.729395920596367,5.314708067909304,15.795259990396776,-11.4211262849572
2001-07-23,-9.29572408155245,5.016735306156843,15.748036390752521,-12.09782319926197
2001-07-24,-8.8500383461529,5.9071614138101225,15.652876278607463,-12.74609083241693
2001-07-25,-8.486653358546052,4.922683246483262,14.0804987414061,-12.10825872883757
2001-07-26,-7.099853448011939,5.228350104859675,14.340686242676542,-12.016913391006637
2001-07-27,-6.7605332636656135,6.818440611850635,14.222281557881391,-11.364370373132472
2001-07-28,-6.8486082400351265,5.827952119347225,14.541727684734912,-11.223528038950404
2001-07-29,-5.534184433880624,5.562828075968493,14.199202077835764,-12.054223458363062
2001-07-30,-5.916476728656536,5.213530610468677,15.289945298187472,-12.297984162002495
2001-07-31,-6.393429833492282,4.321824040837005,14.597172280844342,-13.85945126338399
2001-08-01,-5.871690861746808,4.2338364262756585,13.710135355433879,-13.340057104313171
2001-08-02,-4.259093212355506,4.018327953337341,14.55672807005083,-14.407432825336453
2001-08-03,-4.180337415830679,4.3364043099227505,13.1171690778396,-13.249467184708752
2001-08-04,-6.259735991126892,4.503310968533274,11.873176535563564,-13.879669932520748
2001-08-05,-5.8156284419011754,3.830660602949263,12.645971912479153,-12.887089574318376
2001-08-06,-5.24560342089864,1.7355035263586451,12.8103268025239,-13.670749401946253
2001-08-07,-5.083598646859623,1.5845936228275883,13.670396107063473,-12.259681521700767
2001-08-08,-5.579073960022475,2.504854590559867,15.060460610112935,-11.869925600651444
2001-08-09,-5.595350129231949,3.032129951310712,14.158606628465606,-12.125791970198524
2001-08-10,-4.520472189738875,1.843439540117648,14.253595318600466,-11.264864513674455
2001-08-11,-6.246662131772714,1.661369845945028,14.197389204707523,-12.142890818993893
2001-08-12,-5.73802391020172,1.575191123911421,13.871588875011122,-11.106913659391413
2001-08-13,-5.720357945649531,0.5965102872678034,13.544938854943016,-11.262082438183556
2001-08-14,-6.193353571366226,0.37214297114011435,12.837005009854277,-11.74077139378563
2001-08-15,-5.609390198731829,1.7469975947075014,12.087999951002386,-9.503538579657196
2001-08-16,-5.3180943014207624,1.8916186823524501,11.626953263018379,-8.875615664381922
2001-08-17,-4.050972503767216,2.5265674881555356,12.364618943314802,-8.191386654161347
2001-08-18,-5.189307007354428,2.67141035458258,13.41696134748322,-8.333313448271534
2001-08-19,-5.604239703656489,1.882134104512108,13.12389839679936,-6.496017483454076
2001-08-20,-5.887638708221293,1.3222781925231584,13.473723743039539,-7.765747238078418
2001-08-21,-7.524669834610551,0.6546222324083536,13.050205529910588,-8.658782762560623
2001-08-22,-7.157337819994039,-0.4766117735986072,14.682211283552517,-8.567623727629666
2001-08-23,-8.134886781847076,-0.19017622839374987,14.453426824873567,-8.690964768172128
2001-08-24,-9.648320897763162,0.364554354083047,13.494208474866667,-9.255060790616483
2001-08-25,-9.100352894035485,1.1695619162645035,15.89456828345714,-8.3896380752955
2001-08-26,-9.574943303228507,-0.5819162318859763,14.834547651678212,-8.955147597552983
2001-08-27,-7.849765149156592,-0.5033160123701796,13.677010813753563,-7.1330807496120645
2001-08-28,-7.947216096234348,0.21752940520017572,13.260804084161055,-5.713464235867141
2001-08-29,-8.423379444879027,-0.5193519608485355,13.292890366896872,-6.583293668717194
2001-08-30,-7.581178472033185,-0.3746800303242016,14.083262775181062,-6.063650720828064
2001-08-31,-8.05319927504093,0.9631343370276336,15.522315352742861,-6.607715525030214
2001-09-01,-9.362083988694549,1.6671798012686492,16.446167474288966,-6.908223061277914
2001-09-02,-9.502219181826764,0.9078766930204997,18.75332577325578,-6.277088231435149
2001-09-03,-10.087760031766786,2.7376279343198875,17.872497397667882,-5.619216182789495
2001-09-04,-7.701326231175508,2.9368798806161993,15.059480244336005,-5.878329286096982
2001-09-05,-7.432098754635928,2.285364413844214,15.479732337608846,-6.581581830642889
2001-09-06,-6.376918223129726,1.7568799211804094,15.19948602520323,-8.305395335539975
2001-09-07,-4.841713635957577,0.5136080832207026,16.30286315051533,-7.733423365535847
2001-09-08,-5.1017024224942364,1.6548544234230234,14.72740654599923,-9.599688592282325
2001-09-09,-3.730574432266062,1.7709525724580764,14.91294832146408,-8.194528151974659
2001-09-10,-5.164683207420434,1.294842642892775,15.561180742469904,-8.28057595127865
2001-09-11,-5.048215803905581,1.062024030925552,16.059758585230355,-8.295476539517166
2001-09-12,-6.024749077891513,0.30710826226534016,15.819174541068142,-7.874746876096025
2001-09-13,-6.945779366183121,-0.8099248564108169,14.44607823906002,-9.215260153191482
2001-09-14,-7.065054015389516,-1.3150767355539776,15.482752294944348,-9.511046915335
2001-09-15,-7.015539315885167,-2.2453832214000258,16.226370608112532,-10.424983546376415
2001-09-16,-5.966012779432875,-2.979230231442675,14.712802513836163,-10.343600540027186
2001-09-17,-5.364902155453553,-2.4031660858331985,11.949869902788938,-10.995781396310676
2001-09-18,-4.852886198608461,-1.5604913728202798,11.785499021872317,-10.505973644579825
2001-09-19,-4.087411427282397,-1.8910415205966435,13.485284325590767,-10.458220173854707
2001-09-20,-4.252930688824985,-2.142275643253787,14.207510891375389,-12.75862222682515
2001-09-21,-5.164543421238481,-2.126417192990642,14.005318547619217,-14.105851346753356
2001-09-22,-6.912856808611984,-2.6306772663918716,13.439825111677456,-14.499272630950596
2001-09-23,-5.669026232249227,-2.9328465533584556,13.852512184746802,-13.083800864598372
2001-09-24,-4.3276475419656215,-3.774023153309133,14.105492657862644,-14.39965485233963
2001-09-25,-4.808228413197955,-2.2727016035410994,15.157675510101608,-15.067641749646034
2001-09-26,-3.9149794280669075,-0.8039304954702133,12.816061472845941,-16.45153953734362
2001-09-27,-3.772395488367969,0.06729337374780686,13.606595565622563,-16.81163282361917
2001-09-28,-3.7932178326715587,-1.4681764186906188,13.480858704246005,-18.32401069374059
2001-09-29,-2.7518910392862765,-1.5844196958746295,14.1171897188736,-19.851988685184608
2001-09-30,-2.4691581985751787,-1.7807634379609836,14.53009978149377,-20.676356696406057
2001-10-01,-0.3104764515837384,-1.51482345180463,15.875129659864346,-20.653688703094257
2001-10-02,-0.9989781904182224,-1.2963959913344814,15.450470988612594,-20.593736390046885
2001-10-03,-1.4402555317742858,-2.7173433310216986,14.206937924784691,-21.782382443201243
2001-10-04,-2.767032910539287,-2.778345989422352,14.370566799235908,-22.21663200162998
2001-10-05,-3.536936480512624,-4.041986666063428,15.970157376698497,-21.64897989610488
2001-10-06,-3.706152447937349,-4.36223484542371,16.79253312322195,-24.06511556719204
2001-10-07,-3.759993110662842,-6.086895710642825,16.75491640688046,-26.412462357929932
2001-10-08,-1.2563284948100666,-5.06032479057979,15.586247275968741,-27.536194834560096
2001-10-09,-1.9413581169057141,-6.182469815937491,15.577391705069312,-29.458657702301828
2001-10-10,-2.1298829877103516,-7.140534249262543,16.26005509829277,-29.495775358131358
2001-10-11,-3.865352282403922,-5.702829746944685,16.337823841071355,-30.05842086100932
2001-10-12,-6.392199903846276,-4.39201555704878,18.228830300892234,-28.978103107849027
2001-10-13,-4.206269635695828,-3.7596257307330667,18.114385507590473,-28.598965557534903
2001-10-14,-3.521122693027677,-3.156145338628389,17.45574476918047,-27.002467262610455
2001-10-15,-3.2879120523202974,-4.367677147668096,16.86625417830407,-26.001322896665563
2001-10-16,-2.4254285151355406,-2.9068310312078562,16.019618364310155,-25.742407785398477
2001-10-17,-3.922745198857925,-2.053788309187611,15.82964325735065,-25.316224100198195
2001-10-18,-4.1900402017094,-1.51998764710389,15.798852276119367,-25.842801442459756
2001-10-19,-3.7963601935213322,-1.582485541456542,15.161841119681078,-25.80270810916027
2001-10-20,-2.5799584019450155,-0.7096264511900301,17.11090457976235,-25.93101706725142
2001-10-21,-2.720295507528879,0.3436814638526613,17.874975644872528,-25.868969282499638
2001-10-22,-1.4016440007825435,0.31134100930454756,18.188236902165038,-27.091258893905465
2001-10-23,-2.2225773604404306,1.229501120985963,18.711338530715263,-27.505826097654023
2001-10-24,-1.9458997934300237,-1.3978388474988153,20.49411239198801,-27.634078461057953
2001-10-25,0.06279749016988623,-2.0986482460723215,22.655951288324033,-26.226514533213624
2001-10-26,-0.4016107895861154,-4.786468774343179,22.633703062232637,-27.726870909227323
2001-10-27,-0.47768617019859194,-5.379895277546872,21.14385059141955,-29.116026899745815
2001-10-28,-0.9301002204303954,-4.77883039989969,21.47915226950988,-30.238423244459618
2001-10-29,-1.1579048405146724,-2.6422388553127876,23.42111516439212,-30.4961334125916
2001-10-30,-2.685707822472766,-1.1020224190628052,23.27385920940691,-30.84658189243157
2001-10-31,-2.99728950884725,-1.4049391560796767,23.935269940211597,-31.25619647255347
2001-11-01,-2.7196778852705754,-1.9787402660094937,24.274354035807814,-31.743311779563154
2001-11-02,-2.3212428311624977,-2.6041967325519666,24.718093793877358,-33.27295802642129
2001-11-03,-1.6031125714443033,-1.887853977861676,23.945228190505826,-33.74068774895343
2001-11-04,-1.097268803515972,-1.674429660865867,23.850614810327773,-34.55908388862211
2001-11-05,-0.16465218463525755,-1.8528546115045237,23.212009437668403,-35.06651295237098
2001-11-06,0.596572745545269,-1.29661044835242,25.072948994479457,-35.482831432284996
2001-11-07,1.1121279535384558,-0.9202720361613852,25.276472624179426,-35.79830424923385
2001-11-08,1.9277574839140166,-0.11395514452801725,24.866445545191443,-35.11472559309688
2001-11-09,3.1223644218351208,0.6460088730563791,23.646416399580044,-35.377902236518
2001-11-10,1.9225019129109697,1.2013169414571632,24.569699811472148,-36.1202636887729
2001-11-11,3.9603979420873934,1.2997495879253065,26.003994601933567,-35.11865842864378
2001-11-12,5.841803474151011,1.4648151411630275,25.9978269700901,-34.30786066227859
2001-11-13,5.454176321333947,1.140956513190743,28.739977907569937,-36.42006374883337
2001-11-14,6.291674316033451,2.9594463130326965,29.553370566019748,-34.920796287656124
2001-11-15,5.751087160920041,4.777773134619226,32.01696050453302,-35.40863441729167
2001-11-16,4.858213379948165,4.173600518909473,31.81748794593966,-35.08697516028469
2001-11-17,5.483147971299754,6.047641563658925,33.021443132262874,-33.3727943009846
2001-11-18,5.227022677239362,4.636459152299226,33.08162714174547,-32.936966242558505
2001-11-19,5.0850734593379885,6.075119667138803,31.18039455929058,-32.25903532040118
2001-11-20,4.18679932219434,7.099494608932585,31.504804343100968,-30.608019715073286
2001-11-21,3.8172640932817674,7.145343299047592,30.671858201777475,-29.835505232607527
2001-11-22,5.078242291442989,7.303886327396036,29.314497443597773,-29.055831340519163
2001-11-23,4.522074963096575,6.4955199340052445,28.76978733397918,-29.023656587883337
2001-11-24,3.5703271674301837,5.734632129363671,29.048479209624407,-30.21535477839479
2001-11-25,2.5092753864304354,3.891873475108116,28.958608644870797,-28.54550752268362
2001-11-26,3.7875390465671654,2.626768101532118,28.114250062659433,-29.832942958812698
2001-11-27,3.04220312772308,1.9085168243651263,29.00814952363371,-28.446557143024858
2001-11-28,1.7174181908864523,1.724175511442525,28.57953278717269,-27.97918777330827
2001-11-29,2.2689050810950575,1.5758462907680284,28.261519457650675,-27.79268668327402
2001-11-30,2.1474175169394694,1.0886738065608732,28.580742794136096,-26.979358161286164
2001-12-01,1.2073568154417114,1.009682649213564,28.603223797341084,-27.95530249664881
2001-12-02,2.0394585073244844,0.2194426446464871,29.12296717312323,-30.367560181037803
2001-12-03,1.1003171993912124,-0.36813377674256265,29.69131393772384,-30.269994173274387
2001-12-04,0.6469380051805389,-0.8019866037591321,30.917340177253397,-30.169082158100746
2001-12-05,0.4084092699365202,1.439756858807151,30.500183663929587,-29.218638933756814
2001-12-06,-1.0118122607987572,0.9058535200744714,32.49441434388101,-28.539492691430848
2001-12-07,-0.7869705647809698,-0.28701761633248124,33.75060965189817,-30.31312857365426
2001-12-08,-1.7511487215171586,0.25261239325599794,35.74887901549097,-29.099006363192043
2001-12-09,-1.856560375500938,-1.4170915509126716,35.9358443554659,-30.248036520989636
2001-12-10,-0.4039657421000009,-0.7951374649660802,35.3641292315488,-31.580736255440915
2001-12-11,-1.1062365404220968,-0.6020094800002567,36.11547502435554,-32.16733673148081
2001-12-12,-0.9766422408835481,0.5398872275983917,36.815301117746365,-33.176711863788725
2001-12-13,0.026202619690052775,1.339764529609376,36.44743197733771,-34.517913590358575
2001-12-14,0.5801145588897343,2.128630409578599,36.9602953312172,-33.48447097270782
2001-12-15,0.8157687659701951,2.741314903385746,37.28960153886759,-34.267491412948054
2001-12-16,0.7559768036982916,1.2033606579490024,36.79082931533968,-34.47555260015032
2001-12-17,1.8404027276617025,1.0896425725079097,37.29785227993852,-33.08281453165795
2001-12-18,1.0822785797149437,0.07416587709885292,35.8992861608853,-34.54789909457216
2001-12-19,0.831419552278913,-2.3325387015125076,37.23067002579736,-32.795283080715016
2001-12-20,0.7839571630106917,-3.145555742564804,36.922381292005525,-31.730069618034534
2001-12-21,0.3695064188697935,-3.7515804203322576,37.91960172084085,-30.415009634581157
2001-12-22,-0.0919958319344254,-2.2495113647205263,36.70151716966186,-30.770581963257563
2001-12-23,0.007300624175716919,-2.8038701366315504,39.12225545350551,-29.39009322215915
2001-12-24,-0.3266041238818744,-3.6782657671300374,38.24577625193719,-28.817162106994356
2001-12-25,0.8439233815178078,-3.0565740293258963,38.43502241494468,-28.789032459741932
2001-12-26,0.760979383211109,-2.7729428526079087,39.95639349891036,-29.690449420825512
2001-12-27,0.33778070493600754,-2.6901705388594177,40.50409790807033,-27.484859244370934
2001-12-28,-0.48887886927913715,-2.280204412537379,41.262368223755296,-28.081202309709262
2001-12-29,-0.9290057501419986,-1.1468691223566052,43.007512238311314,-25.63996774476976
2001-12-30,0.04423259905207422,-1.359890440787477,40.95285811563836,-25.512980689838066
2001-12-31,0.9463491933312362,-2.8814509871743708,39.3208863503711,-26.045857579396124
2002-01-01,0.3359985906405236,-2.4769034018523888,38.41394919078746,-26.473538401147426
2002-01-02,0.21263962481995896,-2.8811619492236726,39.59690687637033,-26.2603241137811
2002-01-03,1.5998332260277062,-2.184583803365093,38.52872295428354,-26.330315665341697
2002-01-04,1.52367280579844,-0.7020283406984638,38.396642290225195,-28.128737775782508
2002-01-05,1.8151217888478959,-1.5528170667476284,36.75980087819802,-28.245250005074226
2002-01-06,1.4856213200381803,-0.26983967935830067,36.46738656572191,-29.425822920216238
2002-01-07,1.1584625661444012,0.37552488692082253,36.215695153599604,-30.738379235253788
2002-01-08,1.5549051093198005,0.8761798052717313,37.17260241911017,-31.627289952998385
2002-01-09,1.1470209049737794,2.7198390541640247,37.146665617901455,-32.07231399415796
2002-01-10,-0.49870560554065424,3.678413697163931,37.09680286372762,-33.49849306077199
2002-01-11,-0.14306006328009152,5.014636484980307,37.7552286356552,-32.477584401680296
2002-01-12,0.45735877906303707,4.373457287995296,37.98911984012851,-32.122557277465035
2002-01-13,0.737223230450011,5.4476875336986055,36.534724713064875,-30.510872979230143
2002-01-14,-0.01132699028091011,5.161180149368671,36.27176430860208,-29.17121862507109
2002-01-15,-1.1002703789102817,5.836616437631636,37.16072066790624,-27.353272882581507
2002-01-16,-0.11997785307243314,5.508430725476305,38.208534161717424,-27.543596422222222
2002-01-17,0.9761534986544003,5.209888444571253,36.30413831980706,-28.49823362971506
2002-01-18,0.36659877886731873,5.113835683753398,33.93827420430093,-29.030768032747137
2002-01-19,-2.067910560562896,4.172012555011374,34.96788360107269,-29.41758874595914
2002-01-20,-0.0917681268266386,3.5618555293788363,35.22137139525003,-30.063299168966402
2002-01-21,-2.0918706708284174,3.860716162502835,35.53021583477603,-29.90769423774312
2002-01-22,-2.576264450381621,3.794823114328616,35.78774642779115,-31.505128186490435
2002-01-23,-1.895386493381901,3.339310710505416,35.44336028788226,-31.992897967973565
2002-01-24,-2.3359033374227693,1.437573784269175,36.32173683095381,-32.0136349693425
2002-01-25,-2.0366134513723284,0.993259911295221,37.384835717920645,-30.443715073099415
2002-01-26,-0.5585225129533464,1.036652729154775,36.301242530727194,-30.876491431145055
2002-01-27,0.4105087983928023,-1.1541351333015135,36.579402132710435,-30.669348603993594
2002-01-28,1.879779381922388,-2.6931364010109293,36.06352184943492,-29.120827003447197
2002-01-29,1.3307785707233681,-1.9778892226497886,34.30542077640338,-30.621359815066945
2002-01-30,1.427440890377288,-2.1844986595450986,33.83471246779667,-30.35443701880472
2002-01-31,1.7666934934184007,-1.9808874177735838,34.42893358957593,-28.89850866451445
2002-02-01,1.99287761877982,-0.6648395358802266,35.02781483478303,-29.413396713169043
2002-02-02,2.5046340290367635,-1.056429055152822,35.95312094267556,-30.97000871337809
2002-02-03,2.4112437005874092,-1.7713956310111407,34.3200316307191,-30.203809734343718
2002-02-04,3.152801412325965,-0.8402026036525385,35.41551754692237,-30.853644590391514
2002-02-05,1.8930322947295253,-1.1881574124761571,34.47306042693724,-30.353612463637134
2002-02-06,2.537988389901238,-1.4981813945625753,34.71123592110926,-30.94733681146397
2002-02-07,2.1054471128735948,-1.1373334411649658,32.40803860717139,-27.99531092165425
2002-02-08,2.7413809436398107,-0.6186300251440431,31.661674498798202,-25.92815505593937
2002-02-09,3.746213011401972,-1.0709804763417772,33.72230946311373,-24.85636450430557
2002-02-10,3.104273069591766,-2.1889969556666644,34.385841286998286,-26.085769822692484
2002-02-11,3.0824055519832205,-2.166395720480506,32.959187872296546,-26.12266248747577
2002-02-12,3.355007255338669,-3.414902737390265,30.21983680059902,-28.040637192617588
2002-02-13,3.2025230430257583,-4.246240066675756,30.909515464583254,-27.596700152537565
2002-02-14,4.809588752024496,-5.262447111003658,29.72295372389664,-28.551929126777758
2002-02-15,3.4562427099190174,-5.609238622678088,31.17713066916555,-28.92234300160709
2002-02-16,5.188710874945172,-4.532624392952127,32.01715527397019,-28.43265429020357
2002-02-17,4.377595640117028,-2.949618236194189,31.732143981755662,-28.567901109418077
2002-02-18,4.885633803551385,-3.9343327168868143,32.1166150297242,-28.95690688754815
2002-02-19,5.264866897379212,-2.7981117353075913,33.02727757497267,-30.277674674956266
2002-02-20,4.909150233962613,-4.115934467779859,33.2712452788359,-31.132860268199053
2002-02-21,5.993660960485441,-5.3288614028311585,32.224042596639464,-30.897562186112687
2002-02-22,5.10299455298281,-5.948015165175106,31.648077138163504,-30.479820347683972
2002-02-23,5.945409217582009,-6.555501109117069,30.11525713754149,-30.128753707923273
2002-02-24,6.912774124165829,-5.990961145232193,30.938080184635748,-29.284284357727103
2002-02-25,6.623635227807133,-5.130213192473909,29.389697983138014,-28.942295853874572
2002-02-26,6.424819470749527,-6.435146606949056,27.258358445811428,-29.79198604194131
2002-02-27,6.732880658463608,-6.7871025265634675,28.46195680014511,-30.33972667118923
2002-02-28,6.8746469798613115,-6.188236819107893,29.24633311829098,-29.945382636943588
2002-03-01,6.038772006198242,-5.573447431778969,32.004326826082234,-29.903369620980165
2002-03-02,7.892632265879298,-4.720981252141742,31.13850489878892,-31.32618209551593
2002-03-03,8.480734291689416,-3.734339506700325,29.72996358578176,-31.27376047944953
2002-03-04,8.668523105174444,-4.306220907281241,28.301198749081067,-32.40742458274436
2002-03-05,7.944881882219287,-1.899675261289604,29.031533228427516,-31.93883939966759
2002-03-06,7.552600009314376,-0.8541823752681483,29.41229784570069,-32.76596865716496
2002-03-07,7.629278681228726,-0.5964639318736027,28.183256086997726,-33.98950740393121
2002-03-08,7.7846683275518425,0.8257980526930655,29.227132374310376,-33.7492743301137
2002-03-09,5.638853180778913,-0.7995085906576771,28.834415247370334,-33.174002737400095
2002-03-10,6.342304546416355,-1.9997535158470914,30.053041322269852,-33.529779257474694
2002-03-11,6.2032573377239615,-2.5802830930904443,30.84107781380323,-32.335563248465576
2002-03-12,7.176403031785921,-2.14289943099418,31.926725961130103,-32.05402988564322
2002-03-13,6.395726127877802,-1.6168899405596808,30.839258533982747,-32.75241846888338
2002-03-14,6.588121881723925,-1.2635749020307196,30.8828477047413,-32.47611297644274
2002-03-15,8.15160279850399,-0.3809720648254966,32.54911522767792,-31.717862570061577
2002-03-16,8.422022827809629,-1.8615790528419138,32.41123663537985,-30.895100218543266
2002-03-17,8.949530091289452,-2.3105892146657334,33.73529102089058,-31.08694082426846
2002-03-18,7.835969939830963,-2.5487912916855016,33.56791602958314,-30.907560360873525
2002-03-19,7.009211890691116,-3.7394403596864203,34.407950400934865,-30.19398117791427
2002-03-20,6.563376215852483,-4.575543372181168,35.36624790301141,-29.375422954999355
2002-03-21,6.0565793954169385,-3.2355729065811474,36.58222988950626,-29.565844297154435
2002-03-22,7.084424750331526,-3.8316223705658317,36.73853831724826,-28.569846234417877
2002-03-23,6.392336639904926,-3.6836536474508,38.51089407657115,-30.03457879631331
2002-03-24,7.708854499106959,-3.9579885870393943,37.19799464405503,-29.9335424825688
2002-03-25,6.906716579612923,-4.0360581086105585,37.67380078836269,-30.54215385886783
2002-03-26,6.760051424239635,-4.974838954915913,36.98804632370836,-30.25376689043907
2002-03-27,5.389076392370082,-5.057229593377402,37.365646607258114,-28.99747395055707
2002-03-28,5.087463684876511,-4.477282506682139,36.92840951717371,-29.577020229717476
2002-03-29,5.824906379901111,-4.953392259373545,38.188950560420345,-29.36861315033057
2002-03-30,6.153637399716405,-5.040951681669241,38.47393928871487,-29.868630336030563
2002-03-31,5.565240702638112,-4.584232820207277,37.85196326784322,-29.16878239949114
2002-04-01,5.398445042163432,-6.1201397372942665,37.307950041594694,-29.688006857269702
2002-04-02,5.778166707698499,-6.612405637119043,38.654828294667034,-30.087798306714806
2002-04-03,6.715318705869287,-7.087676894027472,38.3589589084691,-30.928727893527896
2002-04-04,4.21135071182594,-7.790575526561918,35.83414629855832,-29.810294336383485
2002-04-05,6.013133464895729,-7.619171133832266,34.52647959712919,-30.276581177318363
2002-04-06,3.2941977232772284,-6.762245982167367,33.57124228781637,-31.036720338577805
2002-04-07,4.5111042109552235,-7.042560915625591,32.796763183535674,-30.990861524050693
2002-04-08,3.6930709386977707,-7.219640887289747,34.07125657314728,-30.6259166856191
2002-04-09,3.863416837116121,-6.343105154361002,34.090694828465935,-30.291186449910537
2002-04-10,3.8220297532813783,-6.975672048960703,35.4693557781229,-30.872327547339193
2002-04-11,4.272715100773663,-5.666109781071996,35.75131154754916,-29.704781314661993
2002-04-12,2.5974930240265968,-6.428535835953136,35.96960069199429,-30.84522870641223
2002-04-13,1.6428995066560494,-7.020864957045189,37.02114452275579,-30.65607907316344
2002-04-14,1.644031682317419,-6.776303542535767,36.0530628620334,-30.106164545448188
2002-04-15,1.5762105593591222,-5.255488685684071,36.84468358847934,-31.217353854241466
2002-04-16,1.5337492625488427,-4.855325141951686,37.01274030661684,-30.165184598343536
2002-04-17,1.5486131566553631,-5.251155722262798,37.50236510952453,-30.63495242970675
2002-04-18,0.7064885055394872,-4.861484469433535,38.43046946752351,-28.689038197732675
2002-04-19,0.7234766310944102,-4.798302993814334,38.75294207417665,-28.7515108854235
2002-04-20,0.9739989350586301,-5.693575206919869,40.07597814181841,-28.501314296351403
2002-04-21,1.1153720317391866,-6.373100965452643,38.51249492457886,-28.40554814283468
2002-04-22,0.5355120293232943,-7.88985867693901,37.30563027242459,-29.626904591281683
2002-04-23,-0.28560151459504657,-7.546287318789877,37.67585266071194,-28.390271132931296
2002-04-24,0.4850792904629003,-8.545041249085928,34.21311867237402,-28.44414715000903
2002-04-25,-0.12182624984558854,-9.004076139186784,35.481782902660505,-26.78653846930805
2002-04-26,-1.4987259754598075,-9.644742974582568,35.79322075336345,-27.72493483961833
2002-04-27,-2.0647257930138925,-9.782227449475114,34.56934655612256,-25.93241214147598
2002-04-28,-1.9502646335334004,-8.44018049020138,34.66164811585914,-26.831064571349838
2002-04-29,-1.6291169479612855,-7.747042886201213,36.66794844420638,-25.701466826708184
2002-04-30,-2.300748458311517,-9.36729216043725,36.03289474962981,-25.089232279582497
2002-05-01,-3.228191730246272,-8.870511980423373,36.38084082726257,-25.30348485798705
2002-05-02,-0.65030410913077,-10.707328502650268,37.647304846786106,-25.005870306577986
2002-05-03,-2.1740548441781984,-11.986841105259405,37.706379429007534,-24.58890491330804
2002-05-04,-2.5295377966823787,-10.52524725186762,38.86308380369599,-24.576560551073612
2002-05-05,-3.400877409498359,-10.123480330700653,38.749402207990784,-24.834129811793176
2002-05-06,-5.108463997002371,-10.547253536026574,39.58408952485277,-24.45528470717127
2002-05-07,-5.670004833054372,-10.328824273246935,39.20262823615491,-24.462176000826087
2002-05-08,-5.899253780506567,-9.294651020678323,39.194486752201804,-24.719374208872093
2002-05-09,-4.0798819686848775,-8.435623756903489,40.81381588583667,-25.09746308646273
2002-05-10,-7.36337012524633,-8.846663212274017,40.744690553864444,-26.275063346905924
2002-05-11,-7.127740579980308,-8.978837781339763,39.04439357571409,-24.811558652192687
2002-05-12,-7.403977013281329,-9.730816398161933,39.22658414550413,-24.875941173464952
2002-05-13,-7.366426293295254,-10.908011028654514,38.062463461509374,-23.58261914814968
2002-05-14,-7.044003048931316,-11.327192655565957,38.68668441531446,-23.61517991093399
2002-05-15,-7.0895062801995055,-11.950824529027777,40.076181491505274,-23.951202805091764
2002-05-16,-6.840455755351038,-13.118606207330702,39.24139154251316,-23.543393176043654
2002-05-17,-7.4320727382653535,-14.981282879875625,40.09972878818743,-24.13914931824079
2002-05-18,-8.533662241265809,-14.530909436096602,39.52791270503161,-23.26803744469766
2002-05-19,-10.002694911758267,-15.184074751998885,38.731459138238726,-23.755689245499102
2002-05-20,-9.907035080480984,-13.472847342633566,40.71793907790757,-22.95253988528739
2002-05-21,-8.60477116529372,-13.140372389820763,39.90951986707582,-23.9305996929591
2002-05-22,-6.769750781655663,-11.719606674137934,39.66646109235549,-25.64360680262124
2002-05-23,-5.609421922473799,-10.866613712605485,39.581279158939424,-27.573566545909244
2002-05-24,-5.780234722665147,-10.593499010637041,39.258339906415415,-27.378568318826012
2002-05-25,-5.308322181974677,-9.864040252011048,37.6713151635164,-27.5790841242061
2002-05-26,-4.131389169216692,-10.056416951693489,34.86244498100384,-27.311559025457505
2002-05-27,-4.4418438288883575,-9.504205634343519,33.77405836590951,-26.67015296263918
2002-05-28,-4.754942187093319,-10.889898897451632,34.67720116903309,-26.448018230062456
2002-05-29,-6.049393346704695,-10.809990619821882,35.36424849356549,-26.707123193654628
2002-05-30,-4.619172499500229,-10.098417656243553,34.119295035651305,-24.42703353127457
2002-05-31,-4.438356536263606,-11.196154849211606,33.80487325412505,-25.408364524336417
2002-06-01,-6.405016148037699,-11.011961313998375,34.482720954876456,-25.457784429977846
2002-06-02,-6.949513106118771,-10.674168407118298,32.952965147991655,-24.194746365728705
2002-06-03,-7.802293222715209,-10.246732121020585,31.97388386602466,-24.01762272798599
2002-06-04,-8.10095080491362,-10.187436072914743,32.53551037759713,-23.610606683915282
2002-06-05,-7.774289778317405,-9.765841220599928,33.302001256543875,-23.402445128898982
2002-06-06,-6.370827934207497,-9.790704503536212,33.15802462181488,-22.186180983195314
2002-06-07,-6.113938309174786,-8.554884637144637,32.901036662843794,-21.935901079590316
2002-06-08,-6.127789089874151,-7.42535822796971,33.4531954397482,-22.515628779575966
2002-06-09,-6.2860557834134045,-5.661359005776137,34.0039630944485,-23.35325040542602
2002-06-10,-6.202014486471533,-5.234741368597965,33.999096163567366,-23.63806736177067
2002-06-11,-8.17979854531052,-4.702624593355595,35.27219061368484,-21.53978621681833
2002-06-12,-9.11629325183559,-5.061945016486356,34.8401435826512,-19.594135380648083
2002-06-13,-9.949125495296522,-2.9849029298081313,34.37444681076032,-18.528321571776207
2002-06-14,-8.925941492985947,-2.922226731892964,35.01385822233056,-18.697603646868078
2002-06-15,-9.047791473404917,-4.452165092924078,35.09349587660627,-18.453507944923256
2002-06-16,-9.565964796270766,-4.300974193010907,33.77616360282086,-18.386411322375498
2002-06-17,-10.430247577857678,-4.0082867293639275,32.71488414008691,-18.886258361019483
2002-06-18,-9.383252712095048,-3.4690155071983853,32.77852703741749,-19.766728771905633
2002-06-19,-10.47298998246464,-3.933847163965779,33.20772759319011,-19.652651456300017
2002-06-20,-9.981360479789972,-4.251135658438142,34.334494176326565,-19.449764728018813
2002-06-21,-11.81836270018815,-3.8178982550807823,34.95760480985166,-21.149604440397173
2002-06-22,-11.920472251245078,-5.320546328836653,34.00335802536699,-21.47533877120652
2002-06-23,-12.562651093305938,-6.129556557411856,33.423381111347744,-22.498199329498455
2002-06-24,-13.148546272267225,-6.161817450761705,34.33028452285202,-21.38976634377113
2002-06-25,-11.339797648391409,-7.471075210944452,32.97374400076454,-21.67552618275865
2002-06-26,-10.551966984376504,-7.518431093513584,32.113313542439805,-22.105067811510338
2002-06-27,-8.833843808678054,-6.834459243577388,31.34875799995919,-22.906975378937517
2002-06-28,-8.731042677537145,-5.5340168590828105,32.21570064269301,-22.645087913287306
2002-06-29,-10.784355100352444,-5.239063770838416,32.87579610251808,-24.125448358306677
2002-06-30,-11.868101863704842,-3.900253612354515,32.18442194564284,-24.667082753367772
2002-07-01,-11.211506750825137,-3.9338616117003777,31.37715359707846,-25.21586298397595
2002-07-02,-13.89111959587374,-4.908530537753493,32.60549351969523,-24.758751576232946
2002-07-03,-13.41536246549448,-4.530341686142571,30.940086266941314,-22.775271419525108
2002-07-04,-14.822165453390516,-2.1349277959426844,30.954799462954902,-25.11911266961968
2002-07-05,-14.78336264628197,-1.2431280293467015,32.32433121999253,-24.656987905706895
2002-07-06,-15.315965000983253,-1.695072965578369,32.50151804911163,-24.768427102992096
2002-07-07,-17.722518902788522,-2.9937452327678096,33.964706976283715,-22.954535325109568
2002-07-08,-18.537224361772218,-2.706037910486188,34.938111110035344,-21.72448724100944
2002-07-09,-18.62193958457999,-2.679863530673544,36.276492076729866,-19.607137161249877
2002-07-10,-18.29678142620378,-0.9645442789763812,35.67792114556942,-18.438804322451624
2002-07-11,-17.015130288065933,-1.1076414233426959,35.73013499515359,-17.916622601536623
2002-07-12,-17.85659430901796,-1.7377102585522948,35.64668832039333,-17.937783545764354
2002-07-13,-18.394711869481117,-1.482563271561788,35.4198956089467,-17.222864616052046
2002-07-14,-18.652033602305636,-0.6413555694615699,34.55495795598621,-17.50289520166224
2002-07-15,-17.075554474049856,-2.163593255696962,33.83472439616306,-18.713099906452687
2002-07-16,-16.56285838982052,-2.5794402884879672,33.5714935755593,-18.524479242735428
2002-07-17,-17.501299303414307,-4.065339008495712,33.92093079917943,-18.71443478772516
2002-07-18,-17.538841247879976,-5.3754354615248765,34.07373010038882,-19.436424908509917
2002-07-19,-18.099957070224857,-3.852320749691245,34.19564646420843,-18.126635826968055
2002-07-20,-18.746485201579006,-4.074869409271292,33.523637904929096,-19.206920109092895
2002-07-21,-17.992970940152034,-3.855087859442546,34.307006761279425,-20.4227652830354
2002-07-22,-18.497110171053748,-2.2008318108160916,33.248560369785935,-20.365041447114386
2002-07-23,-19.471129472713496,-2.597229270924658,32.80862635436211,-21.724004541950414
2002-07-24,-19.297563813221064,-2.658754932331226,31.878547673212307,-22.123821151888297
2002-07-25,-20.095704826479764,-1.8609534426496386,32.64614310902537,-22.366556622813928
2002-07-26,-20.330951883846936,-0.4897717149543157,32.17905811287252,-19.924853024348792
2002-07-27,-18.260083199771223,1.232425113980404,33.519678490260844,-20.21154652016376
2002-07-28,-17.235439863646327,1.1581777247571914,34.90227743318215,-18.675798672203634
2002-07-29,-15.528379666490117,2.7627025630488733,32.7209462498255,-19.31606203318562
2002-07-30,-14.068986439990361,3.226360901844085,31.565373737533783,-20.200415057521845
2002-07-31,-13.735749060833896,3.517933612045049,32.9200216675376,-20.57758167264699
2002-08-01,-14.4969236391341,5.612617427067281,32.82260607570887,-19.753297229670743
2002-08-02,-14.353049382028894,5.359701881772836,33.56827516072188,-19.024445199832204
2002-08-03,-15.04511403833645,4.31717294031912,32.62304555906178,-19.238799800641814
2002-08-04,-14.90452889030653,4.720199273165011,32.17489619912394,-19.21579053681489
2002-08-05,-13.465245762590017,5.998668911930659,31.975498271012228,-20.649747200931582
2002-08-06,-11.67303450224784,6.678284417137441,31.798469330564792,-20.70933676301689
2002-08-07,-10.4653447572325,6.966905993969743,34.064226916689854,-20.184065859355123
2002-08-08,-11.97872311590499,6.279159947175784,32.04140384426037,-19.98332752433207
2002-08-09,-12.914523791289351,7.458383051231014,33.559862576462855,-20.184182725270848
2002-08-10,-14.476769627155296,8.13950256228758,33.464272433875536,-19.703198344400306
2002-08-11,-15.800527102276932,7.405787714927265,33.71480452636873,-17.796429059048098
2002-08-12,-15.929065083397324,8.902075811849796,33.066355293551155,-19.30687675303041
2002-08-13,-16.685798102061366,8.587294642030214,33.62970925395068,-18.813431303019016
2002-08-14,-16.561204434780905,7.956269121250325,32.40825265665453,-19.33747174662348
2002-08-15,-17.652157489727415,7.739893521332193,32.28222783800348,-19.90524733623635
2002-08-16,-18.01880822825375,7.574220505553391,33.90127879513694,-19.80985371714931
2002-08-17,-17.348915095323985,7.340841967491147,34.09187221878927,-18.926355868784835
2002-08-18,-19.08071699790884,6.048450690068593,33.261362872617276,-18.668787171254866
2002-08-19,-19.62108239513606,5.955610631182626,32.41186609112405,-17.80796366606369
2002-08-20,-18.182608367022922,4.911002829688836,32.872735546542074,-16.722503359738674
2002-08-21,-18.773223687601583,4.601022264090805,33.91798883229259,-17.813249083936444
2002-08-22,-17.669250377712142,4.166888865697956,34.64781283337061,-16.87629816501081
2002-08-23,-19.88050735657945,3.4930226719872284,34.05128190162316,-15.38138481687999
2002-08-24,-19.488207471005566,3.875774790011925,35.553662164329594,-16.071649675508933
2002-08-25,-19.05825207398115,2.5741072593096765,35.78555603510023,-16.71569207338546
2002-08-26,-18.656007511714044,1.8737261289515523,35.26771861550829,-16.49581586454357
2002-08-27,-18.72659995588941,1.1454750831990146,36.39657956345763,-17.026945829469003
2002-08-28,-19.66013982178937,1.837418250903636,37.023262594727214,-17.180328903666318
2002-08-29,-19.1215023738275,1.7065878541716164,35.37178289535953,-16.858757122983214
2002-08-30,-18.909158560980813,0.7742564860555079,35.42712725188851,-16.80364477415628
2002-08-31,-17.559248131220873,1.1078590765555896,35.68575011153155,-16.967718119984276
2002-09-01,-17.825587601088426,-0.3282397110242814,35.784272985125334,-16.21570224949348
2002-09-02,-18.165695550615748,1.2040260288969273,34.70826845566308,-13.625963436135262
2002-09-03,-17.779847399949382,1.3602062182864958,33.05844084727624,-15.547672801916494
2002-09-04,-16.8285481914611,1.4730436228802453,32.976762758023426,-15.032697789132769
2002-09-05,-16.57502267286716,1.429933145019123,33.47511397297834,-14.375736422326757
2002-09-06,-16.596414075754925,2.4611919668016,33.770115847325805,-13.48633811101999
2002-09-07,-16.37763355822901,2.722399796438507,34.96071322781893,-13.237207137060958
2002-09-08,-16.034049761827315,2.7616165242539243,36.117284141313995,-12.992902918018864
2002-09-09,-17.352758992100377,3.6080447592632696,35.79588534552954,-13.237997798883807
2002-09-10,-17.29446642098821,3.495797268013912,35.773050953892785,-11.74226646034727
2002-09-11,-16.6153711280413,2.635223481841223,35.436788715830545,-13.068880155617741
2002-09-12,-17.505188321556446,3.4549709441303595,36.441628144863344,-12.4018729404021
2002-09-13,-17.795507679030006,2.740546655104424,36.570689457112024,-12.380297137823426
2002-09-14,-18.162516546131698,2.324775729986805,37.91548608952791,-11.382735198979912
2002-09-15,-17.408655729481026,0.39869531358216714,37.34333620506742,-9.88451738713672
2002-09-16,-18.915989503391003,-1.044754530369155,36.92993881056796,-9.90675697021609
2002-09-17,-18.46323739570955,-1.429540725711002,35.37324806266813,-7.781004894288149
2002-09-18,-19.750977108192437,-1.985606647582759,37.94035206721354,-7.32652467129395
2002-09-19,-19.029306483047517,-0.7473568349253032,39.674019272374004,-6.72085704926415
2002-09-20,-19.65969543157447,-2.206001180225458,40.3732574938179,-6.283163072837853
2002-09-21,-18.447326695699584,-2.633439746274568,41.26739960078774,-6.408196621179771
2002-09-22,-20.004031462586763,-3.915276401184334,42.75776098038672,-5.881102269984289
2002-09-23,-20.565344310097593,-2.2333279982384706,43.1729653376226,-5.908274547696347
2002-09-24,-20.48695600485261,-0.5577554367182342,44.69198932525343,-6.827711533734889
2002-09-25,-21.70052771685899,-0.6379013582035318,45.241939503702675,-7.840453663771165
2002-09-26,-22.54188590986679,-0.5005569276325954,46.46291170479901,-8.573845074506075
